id,title,text,body,published
1,كيف تختار التابلت المناسب للدراسة؟,ابدأ بتحديد احتياجك من الأداء، الشاشة، والذاكرة.,إذا كنت تبحث عن جهاز للدراسة، فاحرص على شاشة مناسبة، ذاكرة كافية، وسلاسة في الاستخدام. هذا يضمن تجربة تعلم مرنة ومريحة.,TRUE
2,كيف تختار ماوس لاسلكي مناسب؟,اختر ماوسًا مريحًا ومناسبًا لطبيعة العمل اليومية.,للمكتب المنزلي، اختَر ماوسًا خفيفًا، مع بطارية مستقرة، وأزرار مريحة، وراحة يد مناسبة. هذا يرفع الإنتاجية دون تعب اليد.,TRUE
3,نصائح لتنظيم مكتب العمل والدراسة,بنية بسيطة تؤثر مباشرة على التركيز.,تجمّع الأدوات في مكان واحد، استخدم رفوف صغيرة، ومنظم إدراج لملفاتك. كل هذا يخفف التشتت ويعزز الاستقرار في العمل اليومي.,TRUE
4,دليل مستلزمات المدرسة,اختر ما يلائم سنك وطريقة دراستك.,راقب الطلب اليومي: حقيبة مناسبة، أقلام جيدة، دفتر منظم، ومستلزمات كتابة عملية. هذا يجعل العودة إلى المدرسة أسهل وأقل ضغوطًا.,TRUE
5,كيف تقارن الأسعار قبل الشراء؟,قارن بين السعر والملف العام قبل قرار الشراء.,قارن السعر، الضمان، جودة المواد، وأيام الإرجاع، لا تكتفِ بالخصم فقط. الشراء الذكي يعتمد على القيمة النهائية لا على السعر الظاهر فقط.,TRUE
6,دليل التسوق الذكي للمبتدئين,ابدأ بخطة واضحة وتقييم احتياجك.,ضع قائمة أولوياتك قبل الشراء: ما الذي تحتاجه فعليًا؟ ما المدة التي ستستخدمه فيها؟ هذا يقلل الشراء العشوائي ويزيد رضاك بعد الشراء.,TRUE
7,كيف تختار سماعات مناسبة؟,اختر بحسب الاستخدام اليومي وراحة الأذن.,إذا كنت تستخدم السماعات للدراسة أو العمل، ركز على جودة الصوت، راحة الارتداء، والتحكم في التشغيل.الاستماع الجيد يحتاج إلى راحة مستمرة.,TRUE
8,كيف تختار إكسسوارات الكمبيوتر؟,ركز على الوظيفة والراحة أكثر من الشكل فقط.,الإكسسوارات ليست مجرد ألوان، بل تؤثر على التفاعل اليومي. اختر ما يعزز الأداء مثل الراحة، التنظيم، والسهولة في الاستخدام.,TRUE
9,كيف تجهز مكتبًا منزليًا عمليًا؟,ابدأ من المساحة المتاحة وبنية العمل.,أعد ترتيب المكتب، ركز على مساحة عمل مريحة، إضاءة مناسبة، ومنظم للملفات. هذا يحسن التركيز ويقلل التشتت.,TRUE
10,كيف تختار منتجات مناسبة للرحلات والتخييم؟,اختر أشياء عملية وعملية وتناسب الموسم.,الفكرة أن يخفف المنتج الحمل، ويحافظ على الراحة، ويمنحك سهولة في النقل. اختر ما يساعدك على السفر دون تعقيد.,TRUE
